prediction_name,pdb_model_name,pdb_path,confidence_path,pae_path,plddt_path,confidence_score,ptm,iptm,ligand_iptm,protein_iptm,complex_plddt,complex_iplddt,complex_pde,complex_ipde,chains_ptm_0,chains_ptm_1,pair_chains_iptm_0_0,pair_chains_iptm_0_1,pair_chains_iptm_1_0,pair_chains_iptm_1_1,pae_all,pae_chain_a,pae_chain_b,pae_interaction,Chn1,Chn2,PAE,Dist,Type,ipSAE,ipSAE_d0chn,ipSAE_d0dom,ipTM_af,ipTM_d0chn,pDockQ,pDockQ2,LIS,n0res,n0chn,n0dom,d0res,d0chn,d0dom,nres1,nres2,dist1,dist2,Model,i_pLDDT,ss_pLDDT,Unrelaxed_Clashes,Relaxed_Clashes,Binder_Energy_Score,Surface_Hydrophobicity,ShapeComplementarity,PackStat,dG,dSASA,dG/dSASA,Interface_SASA_%,Interface_Hydrophobicity,n_InterfaceResidues,n_InterfaceHbonds,InterfaceHbondsPercentage,n_InterfaceUnsatHbonds,InterfaceUnsatHbondsPercentage,InterfaceAAs,Interface_Helix%,Interface_BetaSheet%,Interface_Loop%,Binder_Helix%,Binder_BetaSheet%,Binder_Loop%,binder_path,binder_relaxed_path
BCMA_l54_s398596_mpnn9__BCMA,BCMA_l54_s398596_mpnn9__BCMA_model_0,/data1/lareauc/users/chuh/softwares/CARPNN/examples/01_bindcraft_boltz_refolded/predictions/boltz_predictions/chunk_1/boltz_results_chunk_1/predictions/BCMA_l54_s398596_mpnn9__BCMA/BCMA_l54_s398596_mpnn9__BCMA_model_0.pdb,/data1/lareauc/users/chuh/softwares/CARPNN/examples/01_bindcraft_boltz_refolded/predictions/boltz_predictions/chunk_1/boltz_results_chunk_1/predictions/BCMA_l54_s398596_mpnn9__BCMA/confidence_BCMA_l54_s398596_mpnn9__BCMA_model_0.json,/data1/lareauc/users/chuh/softwares/CARPNN/examples/01_bindcraft_boltz_refolded/predictions/boltz_predictions/chunk_1/boltz_results_chunk_1/predictions/BCMA_l54_s398596_mpnn9__BCMA/pae_BCMA_l54_s398596_mpnn9__BCMA_model_0.npz,/data1/lareauc/users/chuh/softwares/CARPNN/examples/01_bindcraft_boltz_refolded/predictions/boltz_predictions/chunk_1/boltz_results_chunk_1/predictions/BCMA_l54_s398596_mpnn9__BCMA/plddt_BCMA_l54_s398596_mpnn9__BCMA_model_0.npz,0.9548419117927551,0.9661648869514465,0.9570993781089783,0.0,0.9570993781089783,0.9542775750160217,0.9644580483436584,0.2738605737686157,0.3214164078235626,0.9752073884010315,0.9685899019241333,0.9752073884010315,0.9484004974365234,0.9570993781089783,0.9685899019241333,1.3460729122161865,1.0446667671203613,1.0314083099365234,1.6770156621932983,A,B,10,10,max,0.915077,0.962872,0.962872,0.957,0.962872,0.3723,0.9329,0.8623,54,90,90,2.41,3.43,3.43,54,36,27,15,/data1/lareauc/users/chuh/softwares/CARPNN/examples/01_bindcraft_boltz_refolded/predictions/boltz_predictions/chunk_1/boltz_results_chunk_1/predictions/BCMA_l54_s398596_mpnn9__BCMA/BCMA_l54_s398596_mpnn9__BCMA_model_0,0.98,0.98,0,0,-137.31,0.28,0.68,0.64,-41.65,1396.98,-2.98,34.4,55.56,18,3,16.67,1.0,5.56,"{'A': 2, 'C': 0, 'D': 0, 'E': 1, 'F': 2, 'G': 1, 'H': 1, 'I': 2, 'K': 1, 'L': 1, 'M': 0, 'N': 0, 'P': 0, 'Q': 1, 'R': 3, 'S': 0, 'T': 0, 'V': 1, 'W': 1, 'Y': 1}",100.0,0.0,0.0,88.89,0.0,11.11,/data1/lareauc/users/chuh/softwares/CARPNN/examples/01_bindcraft_boltz_refolded/predictions/boltz_predictions/chunk_1/boltz_results_chunk_1/predictions/BCMA_l54_s398596_mpnn9__BCMA/BCMA_l54_s398596_mpnn9__BCMA_model_0.pdb,/data1/lareauc/users/chuh/softwares/CARPNN/examples/01_bindcraft_boltz_refolded/predictions/boltz_predictions/chunk_1/boltz_results_chunk_1/predictions/BCMA_l54_s398596_mpnn9__BCMA//relaxed/BCMA_l54_s398596_mpnn9__BCMA_model_0.pdb
BCMA_l54_s398596_mpnn9__BCMA,BCMA_l54_s398596_mpnn9__BCMA_model_4,/data1/lareauc/users/chuh/softwares/CARPNN/examples/01_bindcraft_boltz_refolded/predictions/boltz_predictions/chunk_1/boltz_results_chunk_1/predictions/BCMA_l54_s398596_mpnn9__BCMA/BCMA_l54_s398596_mpnn9__BCMA_model_4.pdb,/data1/lareauc/users/chuh/softwares/CARPNN/examples/01_bindcraft_boltz_refolded/predictions/boltz_predictions/chunk_1/boltz_results_chunk_1/predictions/BCMA_l54_s398596_mpnn9__BCMA/confidence_BCMA_l54_s398596_mpnn9__BCMA_model_4.json,/data1/lareauc/users/chuh/softwares/CARPNN/examples/01_bindcraft_boltz_refolded/predictions/boltz_predictions/chunk_1/boltz_results_chunk_1/predictions/BCMA_l54_s398596_mpnn9__BCMA/pae_BCMA_l54_s398596_mpnn9__BCMA_model_4.npz,/data1/lareauc/users/chuh/softwares/CARPNN/examples/01_bindcraft_boltz_refolded/predictions/boltz_predictions/chunk_1/boltz_results_chunk_1/predictions/BCMA_l54_s398596_mpnn9__BCMA/plddt_BCMA_l54_s398596_mpnn9__BCMA_model_4.npz,0.950402557849884,0.9668116569519043,0.9596166610717773,0.0,0.9596166610717773,0.9480990171432495,0.9618514776229858,0.2762654721736908,0.3225298821926117,0.9734426736831665,0.9707704186439514,0.9734426736831665,0.9513530731201172,0.9596166610717773,0.9707704186439514,1.3595848083496094,1.1028679609298706,0.9954697489738464,1.6734942197799683,A,B,10,10,max,0.920001,0.964532,0.964532,0.96,0.964532,0.3595,0.9302,0.8672,54,90,90,2.41,3.43,3.43,54,36,27,15,/data1/lareauc/users/chuh/softwares/CARPNN/examples/01_bindcraft_boltz_refolded/predictions/boltz_predictions/chunk_1/boltz_results_chunk_1/predictions/BCMA_l54_s398596_mpnn9__BCMA/BCMA_l54_s398596_mpnn9__BCMA_model_4,0.97,0.97,0,0,-131.55,0.29,0.68,0.52,-40.66,1412.16,-2.88,35.12,57.89,19,3,15.79,2.0,10.53,"{'A': 2, 'C': 0, 'D': 0, 'E': 1, 'F': 2, 'G': 1, 'H': 1, 'I': 2, 'K': 1, 'L': 1, 'M': 1, 'N': 0, 'P': 0, 'Q': 1, 'R': 3, 'S': 0, 'T': 0, 'V': 1, 'W': 1, 'Y': 1}",100.0,0.0,0.0,88.89,0.0,11.11,/data1/lareauc/users/chuh/softwares/CARPNN/examples/01_bindcraft_boltz_refolded/predictions/boltz_predictions/chunk_1/boltz_results_chunk_1/predictions/BCMA_l54_s398596_mpnn9__BCMA/BCMA_l54_s398596_mpnn9__BCMA_model_4.pdb,/data1/lareauc/users/chuh/softwares/CARPNN/examples/01_bindcraft_boltz_refolded/predictions/boltz_predictions/chunk_1/boltz_results_chunk_1/predictions/BCMA_l54_s398596_mpnn9__BCMA//relaxed/BCMA_l54_s398596_mpnn9__BCMA_model_4.pdb
BCMA_l54_s398596_mpnn9__BCMA,BCMA_l54_s398596_mpnn9__BCMA_model_2,/data1/lareauc/users/chuh/softwares/CARPNN/examples/01_bindcraft_boltz_refolded/predictions/boltz_predictions/chunk_1/boltz_results_chunk_1/predictions/BCMA_l54_s398596_mpnn9__BCMA/BCMA_l54_s398596_mpnn9__BCMA_model_2.pdb,/data1/lareauc/users/chuh/softwares/CARPNN/examples/01_bindcraft_boltz_refolded/predictions/boltz_predictions/chunk_1/boltz_results_chunk_1/predictions/BCMA_l54_s398596_mpnn9__BCMA/confidence_BCMA_l54_s398596_mpnn9__BCMA_model_2.json,/data1/lareauc/users/chuh/softwares/CARPNN/examples/01_bindcraft_boltz_refolded/predictions/boltz_predictions/chunk_1/boltz_results_chunk_1/predictions/BCMA_l54_s398596_mpnn9__BCMA/pae_BCMA_l54_s398596_mpnn9__BCMA_model_2.npz,/data1/lareauc/users/chuh/softwares/CARPNN/examples/01_bindcraft_boltz_refolded/predictions/boltz_predictions/chunk_1/boltz_results_chunk_1/predictions/BCMA_l54_s398596_mpnn9__BCMA/plddt_BCMA_l54_s398596_mpnn9__BCMA_model_2.npz,0.9523317217826843,0.9613149166107178,0.9497560858726501,0.0,0.9497560858726501,0.9529756903648376,0.9654392600059509,0.2867489457130432,0.3558003008365631,0.9716730117797852,0.9626224637031555,0.9716730117797852,0.9447458386421204,0.9497560858726501,0.9626224637031555,1.5359426736831665,1.1613259315490723,1.2227779626846313,1.9212934970855713,A,B,10,10,max,0.905816,0.953463,0.953463,0.95,0.953463,0.3853,0.9349,0.8541,54,90,90,2.41,3.43,3.43,54,36,27,15,/data1/lareauc/users/chuh/softwares/CARPNN/examples/01_bindcraft_boltz_refolded/predictions/boltz_predictions/chunk_1/boltz_results_chunk_1/predictions/BCMA_l54_s398596_mpnn9__BCMA/BCMA_l54_s398596_mpnn9__BCMA_model_2,0.97,0.98,0,0,-141.39,0.28,0.72,0.66,-45.43,1351.56,-3.36,33.63,61.11,18,5,27.78,2.0,11.11,"{'A': 2, 'C': 0, 'D': 0, 'E': 1, 'F': 2, 'G': 1, 'H': 1, 'I': 2, 'K': 1, 'L': 1, 'M': 1, 'N': 0, 'P': 0, 'Q': 0, 'R': 3, 'S': 0, 'T': 0, 'V': 1, 'W': 1, 'Y': 1}",100.0,0.0,0.0,87.04,0.0,12.96,/data1/lareauc/users/chuh/softwares/CARPNN/examples/01_bindcraft_boltz_refolded/predictions/boltz_predictions/chunk_1/boltz_results_chunk_1/predictions/BCMA_l54_s398596_mpnn9__BCMA/BCMA_l54_s398596_mpnn9__BCMA_model_2.pdb,/data1/lareauc/users/chuh/softwares/CARPNN/examples/01_bindcraft_boltz_refolded/predictions/boltz_predictions/chunk_1/boltz_results_chunk_1/predictions/BCMA_l54_s398596_mpnn9__BCMA//relaxed/BCMA_l54_s398596_mpnn9__BCMA_model_2.pdb
BCMA_l54_s398596_mpnn9__BCMA,BCMA_l54_s398596_mpnn9__BCMA_model_3,/data1/lareauc/users/chuh/softwares/CARPNN/examples/01_bindcraft_boltz_refolded/predictions/boltz_predictions/chunk_1/boltz_results_chunk_1/predictions/BCMA_l54_s398596_mpnn9__BCMA/BCMA_l54_s398596_mpnn9__BCMA_model_3.pdb,/data1/lareauc/users/chuh/softwares/CARPNN/examples/01_bindcraft_boltz_refolded/predictions/boltz_predictions/chunk_1/boltz_results_chunk_1/predictions/BCMA_l54_s398596_mpnn9__BCMA/confidence_BCMA_l54_s398596_mpnn9__BCMA_model_3.json,/data1/lareauc/users/chuh/softwares/CARPNN/examples/01_bindcraft_boltz_refolded/predictions/boltz_predictions/chunk_1/boltz_results_chunk_1/predictions/BCMA_l54_s398596_mpnn9__BCMA/pae_BCMA_l54_s398596_mpnn9__BCMA_model_3.npz,/data1/lareauc/users/chuh/softwares/CARPNN/examples/01_bindcraft_boltz_refolded/predictions/boltz_predictions/chunk_1/boltz_results_chunk_1/predictions/BCMA_l54_s398596_mpnn9__BCMA/plddt_BCMA_l54_s398596_mpnn9__BCMA_model_3.npz,0.9521557688713074,0.9588795304298401,0.9483962655067444,0.0,0.9483962655067444,0.9530956745147705,0.9644608497619629,0.29012417793273926,0.3692847192287445,0.968914806842804,0.9628303647041321,0.968914806842804,0.9408026337623596,0.9483962655067444,0.9628303647041321,1.5404627323150635,1.2390140295028687,1.131446361541748,1.9028875827789307,A,B,10,10,max,0.89824,0.952491,0.952491,0.948,0.952491,0.3841,0.9325,0.8474,54,90,90,2.41,3.43,3.43,54,36,27,15,/data1/lareauc/users/chuh/softwares/CARPNN/examples/01_bindcraft_boltz_refolded/predictions/boltz_predictions/chunk_1/boltz_results_chunk_1/predictions/BCMA_l54_s398596_mpnn9__BCMA/BCMA_l54_s398596_mpnn9__BCMA_model_3,0.97,0.98,0,0,-132.78,0.29,0.72,0.67,-45.64,1385.62,-3.29,35.43,61.11,18,3,16.67,1.0,5.56,"{'A': 2, 'C': 0, 'D': 0, 'E': 1, 'F': 2, 'G': 1, 'H': 1, 'I': 2, 'K': 1, 'L': 1, 'M': 1, 'N': 0, 'P': 0, 'Q': 1, 'R': 2, 'S': 0, 'T': 0, 'V': 1, 'W': 1, 'Y': 1}",100.0,0.0,0.0,88.89,0.0,11.11,/data1/lareauc/users/chuh/softwares/CARPNN/examples/01_bindcraft_boltz_refolded/predictions/boltz_predictions/chunk_1/boltz_results_chunk_1/predictions/BCMA_l54_s398596_mpnn9__BCMA/BCMA_l54_s398596_mpnn9__BCMA_model_3.pdb,/data1/lareauc/users/chuh/softwares/CARPNN/examples/01_bindcraft_boltz_refolded/predictions/boltz_predictions/chunk_1/boltz_results_chunk_1/predictions/BCMA_l54_s398596_mpnn9__BCMA//relaxed/BCMA_l54_s398596_mpnn9__BCMA_model_3.pdb
BCMA_l54_s398596_mpnn9__BCMA,BCMA_l54_s398596_mpnn9__BCMA_model_1,/data1/lareauc/users/chuh/softwares/CARPNN/examples/01_bindcraft_boltz_refolded/predictions/boltz_predictions/chunk_1/boltz_results_chunk_1/predictions/BCMA_l54_s398596_mpnn9__BCMA/BCMA_l54_s398596_mpnn9__BCMA_model_1.pdb,/data1/lareauc/users/chuh/softwares/CARPNN/examples/01_bindcraft_boltz_refolded/predictions/boltz_predictions/chunk_1/boltz_results_chunk_1/predictions/BCMA_l54_s398596_mpnn9__BCMA/confidence_BCMA_l54_s398596_mpnn9__BCMA_model_1.json,/data1/lareauc/users/chuh/softwares/CARPNN/examples/01_bindcraft_boltz_refolded/predictions/boltz_predictions/chunk_1/boltz_results_chunk_1/predictions/BCMA_l54_s398596_mpnn9__BCMA/pae_BCMA_l54_s398596_mpnn9__BCMA_model_1.npz,/data1/lareauc/users/chuh/softwares/CARPNN/examples/01_bindcraft_boltz_refolded/predictions/boltz_predictions/chunk_1/boltz_results_chunk_1/predictions/BCMA_l54_s398596_mpnn9__BCMA/plddt_BCMA_l54_s398596_mpnn9__BCMA_model_1.npz,0.9544090628623962,0.9688214063644409,0.9619243741035461,0.0,0.9619243741035461,0.9525301456451416,0.9638320803642273,0.27059170603752136,0.30831634998321533,0.9761980772018433,0.9729750156402588,0.9761980772018433,0.9547423720359802,0.9619243741035461,0.9729750156402588,1.2691484689712524,1.0467489957809448,0.9166371822357178,1.5534517765045166,A,B,10,10,max,0.926434,0.967732,0.967732,0.962,0.967732,0.3612,0.933,0.8705,54,90,90,2.41,3.43,3.43,54,36,27,15,/data1/lareauc/users/chuh/softwares/CARPNN/examples/01_bindcraft_boltz_refolded/predictions/boltz_predictions/chunk_1/boltz_results_chunk_1/predictions/BCMA_l54_s398596_mpnn9__BCMA/BCMA_l54_s398596_mpnn9__BCMA_model_1,0.97,0.98,0,0,-134.6,0.29,0.66,0.55,-37.88,1391.83,-2.72,35.45,57.89,19,3,15.79,2.0,10.53,"{'A': 2, 'C': 0, 'D': 0, 'E': 1, 'F': 2, 'G': 1, 'H': 1, 'I': 2, 'K': 1, 'L': 1, 'M': 1, 'N': 0, 'P': 0, 'Q': 1, 'R': 3, 'S': 0, 'T': 0, 'V': 1, 'W': 1, 'Y': 1}",100.0,0.0,0.0,87.04,0.0,12.96,/data1/lareauc/users/chuh/softwares/CARPNN/examples/01_bindcraft_boltz_refolded/predictions/boltz_predictions/chunk_1/boltz_results_chunk_1/predictions/BCMA_l54_s398596_mpnn9__BCMA/BCMA_l54_s398596_mpnn9__BCMA_model_1.pdb,/data1/lareauc/users/chuh/softwares/CARPNN/examples/01_bindcraft_boltz_refolded/predictions/boltz_predictions/chunk_1/boltz_results_chunk_1/predictions/BCMA_l54_s398596_mpnn9__BCMA//relaxed/BCMA_l54_s398596_mpnn9__BCMA_model_1.pdb
BCMA_l54_s662851_mpnn3__BCMA,BCMA_l54_s662851_mpnn3__BCMA_model_1,/data1/lareauc/users/chuh/softwares/CARPNN/examples/01_bindcraft_boltz_refolded/predictions/boltz_predictions/chunk_1/boltz_results_chunk_1/predictions/BCMA_l54_s662851_mpnn3__BCMA/BCMA_l54_s662851_mpnn3__BCMA_model_1.pdb,/data1/lareauc/users/chuh/softwares/CARPNN/examples/01_bindcraft_boltz_refolded/predictions/boltz_predictions/chunk_1/boltz_results_chunk_1/predictions/BCMA_l54_s662851_mpnn3__BCMA/confidence_BCMA_l54_s662851_mpnn3__BCMA_model_1.json,/data1/lareauc/users/chuh/softwares/CARPNN/examples/01_bindcraft_boltz_refolded/predictions/boltz_predictions/chunk_1/boltz_results_chunk_1/predictions/BCMA_l54_s662851_mpnn3__BCMA/pae_BCMA_l54_s662851_mpnn3__BCMA_model_1.npz,/data1/lareauc/users/chuh/softwares/CARPNN/examples/01_bindcraft_boltz_refolded/predictions/boltz_predictions/chunk_1/boltz_results_chunk_1/predictions/BCMA_l54_s662851_mpnn3__BCMA/plddt_BCMA_l54_s662851_mpnn3__BCMA_model_1.npz,0.9631018042564392,0.9598131775856018,0.9584764838218689,0.0,0.9584764838218689,0.964258074760437,0.9720668196678162,0.270122230052948,0.3146122395992279,0.9707542061805725,0.9721288681030273,0.9707542061805725,0.9532802700996399,0.9584764838218689,0.9721288681030273,1.2436097860336304,0.9722362756729126,0.9496124386787415,1.5451388359069824,A,B,10,10,max,0.923302,0.96531,0.96531,0.958,0.96531,0.4413,0.9457,0.8719,54,90,90,2.41,3.43,3.43,54,36,30,20,/data1/lareauc/users/chuh/softwares/CARPNN/examples/01_bindcraft_boltz_refolded/predictions/boltz_predictions/chunk_1/boltz_results_chunk_1/predictions/BCMA_l54_s662851_mpnn3__BCMA/BCMA_l54_s662851_mpnn3__BCMA_model_1,0.98,0.98,0,0,-127.77,0.24,0.74,0.65,-38.97,1383.59,-2.82,35.43,57.89,19,3,15.79,1.0,5.26,"{'A': 2, 'C': 0, 'D': 0, 'E': 0, 'F': 0, 'G': 0, 'H': 0, 'I': 0, 'K': 1, 'L': 2, 'M': 2, 'N': 2, 'P': 0, 'Q': 1, 'R': 1, 'S': 2, 'T': 1, 'V': 2, 'W': 0, 'Y': 3}",100.0,0.0,0.0,92.59,0.0,7.41,/data1/lareauc/users/chuh/softwares/CARPNN/examples/01_bindcraft_boltz_refolded/predictions/boltz_predictions/chunk_1/boltz_results_chunk_1/predictions/BCMA_l54_s662851_mpnn3__BCMA/BCMA_l54_s662851_mpnn3__BCMA_model_1.pdb,/data1/lareauc/users/chuh/softwares/CARPNN/examples/01_bindcraft_boltz_refolded/predictions/boltz_predictions/chunk_1/boltz_results_chunk_1/predictions/BCMA_l54_s662851_mpnn3__BCMA//relaxed/BCMA_l54_s662851_mpnn3__BCMA_model_1.pdb
BCMA_l54_s662851_mpnn3__BCMA,BCMA_l54_s662851_mpnn3__BCMA_model_3,/data1/lareauc/users/chuh/softwares/CARPNN/examples/01_bindcraft_boltz_refolded/predictions/boltz_predictions/chunk_1/boltz_results_chunk_1/predictions/BCMA_l54_s662851_mpnn3__BCMA/BCMA_l54_s662851_mpnn3__BCMA_model_3.pdb,/data1/lareauc/users/chuh/softwares/CARPNN/examples/01_bindcraft_boltz_refolded/predictions/boltz_predictions/chunk_1/boltz_results_chunk_1/predictions/BCMA_l54_s662851_mpnn3__BCMA/confidence_BCMA_l54_s662851_mpnn3__BCMA_model_3.json,/data1/lareauc/users/chuh/softwares/CARPNN/examples/01_bindcraft_boltz_refolded/predictions/boltz_predictions/chunk_1/boltz_results_chunk_1/predictions/BCMA_l54_s662851_mpnn3__BCMA/pae_BCMA_l54_s662851_mpnn3__BCMA_model_3.npz,/data1/lareauc/users/chuh/softwares/CARPNN/examples/01_bindcraft_boltz_refolded/predictions/boltz_predictions/chunk_1/boltz_results_chunk_1/predictions/BCMA_l54_s662851_mpnn3__BCMA/plddt_BCMA_l54_s662851_mpnn3__BCMA_model_3.npz,0.9627562761306763,0.9590687155723572,0.9586288928985596,0.0,0.9586288928985596,0.9637880921363831,0.9710572957992554,0.2688702344894409,0.3135990798473358,0.9709721803665161,0.9713400602340698,0.9709721803665161,0.9498255252838135,0.9586288928985596,0.9713400602340698,1.2277802228927612,0.9257860779762268,0.9595479369163513,1.5436861515045166,A,B,10,10,max,0.918634,0.965711,0.965711,0.959,0.965711,0.4304,0.9433,0.8718,54,90,90,2.41,3.43,3.43,54,36,30,21,/data1/lareauc/users/chuh/softwares/CARPNN/examples/01_bindcraft_boltz_refolded/predictions/boltz_predictions/chunk_1/boltz_results_chunk_1/predictions/BCMA_l54_s662851_mpnn3__BCMA/BCMA_l54_s662851_mpnn3__BCMA_model_3,0.98,0.98,0,0,-125.26,0.24,0.75,0.62,-38.84,1385.55,-2.8,35.2,55.56,18,3,16.67,2.0,11.11,"{'A': 2, 'C': 0, 'D': 0, 'E': 0, 'F': 0, 'G': 0, 'H': 0, 'I': 0, 'K': 1, 'L': 2, 'M': 2, 'N': 2, 'P': 0, 'Q': 1, 'R': 1, 'S': 2, 'T': 1, 'V': 2, 'W': 0, 'Y': 2}",100.0,0.0,0.0,92.59,0.0,7.41,/data1/lareauc/users/chuh/softwares/CARPNN/examples/01_bindcraft_boltz_refolded/predictions/boltz_predictions/chunk_1/boltz_results_chunk_1/predictions/BCMA_l54_s662851_mpnn3__BCMA/BCMA_l54_s662851_mpnn3__BCMA_model_3.pdb,/data1/lareauc/users/chuh/softwares/CARPNN/examples/01_bindcraft_boltz_refolded/predictions/boltz_predictions/chunk_1/boltz_results_chunk_1/predictions/BCMA_l54_s662851_mpnn3__BCMA//relaxed/BCMA_l54_s662851_mpnn3__BCMA_model_3.pdb
BCMA_l54_s662851_mpnn3__BCMA,BCMA_l54_s662851_mpnn3__BCMA_model_4,/data1/lareauc/users/chuh/softwares/CARPNN/examples/01_bindcraft_boltz_refolded/predictions/boltz_predictions/chunk_1/boltz_results_chunk_1/predictions/BCMA_l54_s662851_mpnn3__BCMA/BCMA_l54_s662851_mpnn3__BCMA_model_4.pdb,/data1/lareauc/users/chuh/softwares/CARPNN/examples/01_bindcraft_boltz_refolded/predictions/boltz_predictions/chunk_1/boltz_results_chunk_1/predictions/BCMA_l54_s662851_mpnn3__BCMA/confidence_BCMA_l54_s662851_mpnn3__BCMA_model_4.json,/data1/lareauc/users/chuh/softwares/CARPNN/examples/01_bindcraft_boltz_refolded/predictions/boltz_predictions/chunk_1/boltz_results_chunk_1/predictions/BCMA_l54_s662851_mpnn3__BCMA/pae_BCMA_l54_s662851_mpnn3__BCMA_model_4.npz,/data1/lareauc/users/chuh/softwares/CARPNN/examples/01_bindcraft_boltz_refolded/predictions/boltz_predictions/chunk_1/boltz_results_chunk_1/predictions/BCMA_l54_s662851_mpnn3__BCMA/plddt_BCMA_l54_s662851_mpnn3__BCMA_model_4.npz,0.9620832800865173,0.9578291773796082,0.9571249485015869,0.0,0.9571249485015869,0.9633227586746216,0.9703243970870972,0.2700619101524353,0.31931567192077637,0.9709809422492981,0.9714735746383667,0.9709809422492981,0.9528530240058899,0.9571249485015869,0.9714735746383667,1.2314151525497437,0.930189847946167,0.9566212296485901,1.5489323139190674,A,B,10,10,max,0.923153,0.964125,0.964125,0.957,0.964125,0.4198,0.9419,0.8716,54,90,90,2.41,3.43,3.43,54,36,31,21,/data1/lareauc/users/chuh/softwares/CARPNN/examples/01_bindcraft_boltz_refolded/predictions/boltz_predictions/chunk_1/boltz_results_chunk_1/predictions/BCMA_l54_s662851_mpnn3__BCMA/BCMA_l54_s662851_mpnn3__BCMA_model_4,0.98,0.98,0,0,-123.94,0.24,0.72,0.57,-37.52,1363.37,-2.75,33.63,55.56,18,3,16.67,1.0,5.56,"{'A': 1, 'C': 0, 'D': 0, 'E': 0, 'F': 0, 'G': 0, 'H': 0, 'I': 0, 'K': 1, 'L': 2, 'M': 2, 'N': 2, 'P': 0, 'Q': 1, 'R': 1, 'S': 2, 'T': 1, 'V': 2, 'W': 0, 'Y': 3}",100.0,0.0,0.0,92.59,0.0,7.41,/data1/lareauc/users/chuh/softwares/CARPNN/examples/01_bindcraft_boltz_refolded/predictions/boltz_predictions/chunk_1/boltz_results_chunk_1/predictions/BCMA_l54_s662851_mpnn3__BCMA/BCMA_l54_s662851_mpnn3__BCMA_model_4.pdb,/data1/lareauc/users/chuh/softwares/CARPNN/examples/01_bindcraft_boltz_refolded/predictions/boltz_predictions/chunk_1/boltz_results_chunk_1/predictions/BCMA_l54_s662851_mpnn3__BCMA//relaxed/BCMA_l54_s662851_mpnn3__BCMA_model_4.pdb
BCMA_l54_s662851_mpnn3__BCMA,BCMA_l54_s662851_mpnn3__BCMA_model_2,/data1/lareauc/users/chuh/softwares/CARPNN/examples/01_bindcraft_boltz_refolded/predictions/boltz_predictions/chunk_1/boltz_results_chunk_1/predictions/BCMA_l54_s662851_mpnn3__BCMA/BCMA_l54_s662851_mpnn3__BCMA_model_2.pdb,/data1/lareauc/users/chuh/softwares/CARPNN/examples/01_bindcraft_boltz_refolded/predictions/boltz_predictions/chunk_1/boltz_results_chunk_1/predictions/BCMA_l54_s662851_mpnn3__BCMA/confidence_BCMA_l54_s662851_mpnn3__BCMA_model_2.json,/data1/lareauc/users/chuh/softwares/CARPNN/examples/01_bindcraft_boltz_refolded/predictions/boltz_predictions/chunk_1/boltz_results_chunk_1/predictions/BCMA_l54_s662851_mpnn3__BCMA/pae_BCMA_l54_s662851_mpnn3__BCMA_model_2.npz,/data1/lareauc/users/chuh/softwares/CARPNN/examples/01_bindcraft_boltz_refolded/predictions/boltz_predictions/chunk_1/boltz_results_chunk_1/predictions/BCMA_l54_s662851_mpnn3__BCMA/plddt_BCMA_l54_s662851_mpnn3__BCMA_model_2.npz,0.9628353118896484,0.9596585631370544,0.9579422473907471,0.0,0.9579422473907471,0.9640585780143738,0.9715136885643005,0.2686823606491089,0.3132009506225586,0.971716046333313,0.970488429069519,0.971716046333313,0.9514086842536926,0.9579422473907471,0.970488429069519,1.2204439640045166,0.9048877954483032,0.9699362516403198,1.5406134128570557,A,B,10,10,max,0.921166,0.965198,0.965198,0.958,0.965198,0.4218,0.9448,0.8728,54,90,90,2.41,3.43,3.43,54,36,30,21,/data1/lareauc/users/chuh/softwares/CARPNN/examples/01_bindcraft_boltz_refolded/predictions/boltz_predictions/chunk_1/boltz_results_chunk_1/predictions/BCMA_l54_s662851_mpnn3__BCMA/BCMA_l54_s662851_mpnn3__BCMA_model_2,0.98,0.98,0,0,-127.41,0.25,0.74,0.6,-40.05,1349.54,-2.97,34.48,55.56,18,3,16.67,2.0,11.11,"{'A': 2, 'C': 0, 'D': 0, 'E': 0, 'F': 0, 'G': 0, 'H': 0, 'I': 0, 'K': 1, 'L': 2, 'M': 2, 'N': 2, 'P': 0, 'Q': 1, 'R': 1, 'S': 2, 'T': 1, 'V': 2, 'W': 0, 'Y': 2}",100.0,0.0,0.0,92.59,0.0,7.41,/data1/lareauc/users/chuh/softwares/CARPNN/examples/01_bindcraft_boltz_refolded/predictions/boltz_predictions/chunk_1/boltz_results_chunk_1/predictions/BCMA_l54_s662851_mpnn3__BCMA/BCMA_l54_s662851_mpnn3__BCMA_model_2.pdb,/data1/lareauc/users/chuh/softwares/CARPNN/examples/01_bindcraft_boltz_refolded/predictions/boltz_predictions/chunk_1/boltz_results_chunk_1/predictions/BCMA_l54_s662851_mpnn3__BCMA//relaxed/BCMA_l54_s662851_mpnn3__BCMA_model_2.pdb
BCMA_l54_s662851_mpnn3__BCMA,BCMA_l54_s662851_mpnn3__BCMA_model_0,/data1/lareauc/users/chuh/softwares/CARPNN/examples/01_bindcraft_boltz_refolded/predictions/boltz_predictions/chunk_1/boltz_results_chunk_1/predictions/BCMA_l54_s662851_mpnn3__BCMA/BCMA_l54_s662851_mpnn3__BCMA_model_0.pdb,/data1/lareauc/users/chuh/softwares/CARPNN/examples/01_bindcraft_boltz_refolded/predictions/boltz_predictions/chunk_1/boltz_results_chunk_1/predictions/BCMA_l54_s662851_mpnn3__BCMA/confidence_BCMA_l54_s662851_mpnn3__BCMA_model_0.json,/data1/lareauc/users/chuh/softwares/CARPNN/examples/01_bindcraft_boltz_refolded/predictions/boltz_predictions/chunk_1/boltz_results_chunk_1/predictions/BCMA_l54_s662851_mpnn3__BCMA/pae_BCMA_l54_s662851_mpnn3__BCMA_model_0.npz,/data1/lareauc/users/chuh/softwares/CARPNN/examples/01_bindcraft_boltz_refolded/predictions/boltz_predictions/chunk_1/boltz_results_chunk_1/predictions/BCMA_l54_s662851_mpnn3__BCMA/plddt_BCMA_l54_s662851_mpnn3__BCMA_model_0.npz,0.9632876515388489,0.9620653986930847,0.9617717862129211,0.0,0.9617717862129211,0.9636666178703308,0.9713864922523499,0.26620620489120483,0.3055572807788849,0.9737163782119751,0.9737569093704224,0.9737163782119751,0.9567081928253174,0.9617717862129211,0.9737569093704224,1.1567332744598389,0.8792346119880676,0.9019231796264648,1.4497935771942139,A,B,10,10,max,0.930354,0.968815,0.968815,0.962,0.968815,0.4217,0.9451,0.8792,54,90,90,2.41,3.43,3.43,54,36,31,21,/data1/lareauc/users/chuh/softwares/CARPNN/examples/01_bindcraft_boltz_refolded/predictions/boltz_predictions/chunk_1/boltz_results_chunk_1/predictions/BCMA_l54_s662851_mpnn3__BCMA/BCMA_l54_s662851_mpnn3__BCMA_model_0,0.98,0.98,0,0,-124.77,0.24,0.69,0.56,-37.6,1385.91,-2.71,34.9,57.89,19,3,15.79,3.0,15.79,"{'A': 2, 'C': 0, 'D': 0, 'E': 0, 'F': 0, 'G': 0, 'H': 0, 'I': 0, 'K': 1, 'L': 2, 'M': 2, 'N': 2, 'P': 0, 'Q': 1, 'R': 1, 'S': 2, 'T': 1, 'V': 2, 'W': 0, 'Y': 3}",100.0,0.0,0.0,92.59,0.0,7.41,/data1/lareauc/users/chuh/softwares/CARPNN/examples/01_bindcraft_boltz_refolded/predictions/boltz_predictions/chunk_1/boltz_results_chunk_1/predictions/BCMA_l54_s662851_mpnn3__BCMA/BCMA_l54_s662851_mpnn3__BCMA_model_0.pdb,/data1/lareauc/users/chuh/softwares/CARPNN/examples/01_bindcraft_boltz_refolded/predictions/boltz_predictions/chunk_1/boltz_results_chunk_1/predictions/BCMA_l54_s662851_mpnn3__BCMA//relaxed/BCMA_l54_s662851_mpnn3__BCMA_model_0.pdb
BCMA_l54_s398596_mpnn17__BCMA,BCMA_l54_s398596_mpnn17__BCMA_model_0,/data1/lareauc/users/chuh/softwares/CARPNN/examples/01_bindcraft_boltz_refolded/predictions/boltz_predictions/chunk_1/boltz_results_chunk_1/predictions/BCMA_l54_s398596_mpnn17__BCMA/BCMA_l54_s398596_mpnn17__BCMA_model_0.pdb,/data1/lareauc/users/chuh/softwares/CARPNN/examples/01_bindcraft_boltz_refolded/predictions/boltz_predictions/chunk_1/boltz_results_chunk_1/predictions/BCMA_l54_s398596_mpnn17__BCMA/confidence_BCMA_l54_s398596_mpnn17__BCMA_model_0.json,/data1/lareauc/users/chuh/softwares/CARPNN/examples/01_bindcraft_boltz_refolded/predictions/boltz_predictions/chunk_1/boltz_results_chunk_1/predictions/BCMA_l54_s398596_mpnn17__BCMA/pae_BCMA_l54_s398596_mpnn17__BCMA_model_0.npz,/data1/lareauc/users/chuh/softwares/CARPNN/examples/01_bindcraft_boltz_refolded/predictions/boltz_predictions/chunk_1/boltz_results_chunk_1/predictions/BCMA_l54_s398596_mpnn17__BCMA/plddt_BCMA_l54_s398596_mpnn17__BCMA_model_0.npz,0.9557024240493774,0.9666296243667603,0.9562256336212158,0.0,0.9562256336212158,0.9555715918540955,0.9616710543632507,0.2706020474433899,0.31646522879600525,0.9771988987922668,0.9683919548988342,0.9771988987922668,0.9501772522926331,0.9562256336212158,0.9683919548988342,1.3037880659103394,0.9931852221488953,0.9871028661727905,1.6423020362854004,A,B,10,10,max,0.918863,0.962662,0.962662,0.956,0.962662,0.3332,0.9247,0.8638,54,90,90,2.41,3.43,3.43,54,36,27,14,/data1/lareauc/users/chuh/softwares/CARPNN/examples/01_bindcraft_boltz_refolded/predictions/boltz_predictions/chunk_1/boltz_results_chunk_1/predictions/BCMA_l54_s398596_mpnn17__BCMA/BCMA_l54_s398596_mpnn17__BCMA_model_0,0.97,0.98,0,0,-137.13,0.28,0.73,0.66,-45.23,1339.73,-3.38,33.67,57.89,19,4,21.05,0.0,0.0,"{'A': 2, 'C': 0, 'D': 0, 'E': 1, 'F': 2, 'G': 1, 'H': 1, 'I': 2, 'K': 1, 'L': 1, 'M': 1, 'N': 0, 'P': 0, 'Q': 1, 'R': 3, 'S': 0, 'T': 0, 'V': 1, 'W': 1, 'Y': 1}",100.0,0.0,0.0,87.04,0.0,12.96,/data1/lareauc/users/chuh/softwares/CARPNN/examples/01_bindcraft_boltz_refolded/predictions/boltz_predictions/chunk_1/boltz_results_chunk_1/predictions/BCMA_l54_s398596_mpnn17__BCMA/BCMA_l54_s398596_mpnn17__BCMA_model_0.pdb,/data1/lareauc/users/chuh/softwares/CARPNN/examples/01_bindcraft_boltz_refolded/predictions/boltz_predictions/chunk_1/boltz_results_chunk_1/predictions/BCMA_l54_s398596_mpnn17__BCMA//relaxed/BCMA_l54_s398596_mpnn17__BCMA_model_0.pdb
BCMA_l54_s398596_mpnn17__BCMA,BCMA_l54_s398596_mpnn17__BCMA_model_2,/data1/lareauc/users/chuh/softwares/CARPNN/examples/01_bindcraft_boltz_refolded/predictions/boltz_predictions/chunk_1/boltz_results_chunk_1/predictions/BCMA_l54_s398596_mpnn17__BCMA/BCMA_l54_s398596_mpnn17__BCMA_model_2.pdb,/data1/lareauc/users/chuh/softwares/CARPNN/examples/01_bindcraft_boltz_refolded/predictions/boltz_predictions/chunk_1/boltz_results_chunk_1/predictions/BCMA_l54_s398596_mpnn17__BCMA/confidence_BCMA_l54_s398596_mpnn17__BCMA_model_2.json,/data1/lareauc/users/chuh/softwares/CARPNN/examples/01_bindcraft_boltz_refolded/predictions/boltz_predictions/chunk_1/boltz_results_chunk_1/predictions/BCMA_l54_s398596_mpnn17__BCMA/pae_BCMA_l54_s398596_mpnn17__BCMA_model_2.npz,/data1/lareauc/users/chuh/softwares/CARPNN/examples/01_bindcraft_boltz_refolded/predictions/boltz_predictions/chunk_1/boltz_results_chunk_1/predictions/BCMA_l54_s398596_mpnn17__BCMA/plddt_BCMA_l54_s398596_mpnn17__BCMA_model_2.npz,0.9524135589599609,0.9595383405685425,0.9468681812286377,0.0,0.9468681812286377,0.953799843788147,0.961620569229126,0.2839365005493164,0.3605442941188812,0.9712957739830017,0.9625647068023682,0.9712957739830017,0.9427664875984192,0.9468681812286377,0.9625647068023682,1.4968581199645996,1.1426950693130493,1.1360331773757935,1.8827553987503052,A,B,10,10,max,0.903957,0.952205,0.952205,0.947,0.952205,0.334,0.924,0.8474,54,90,90,2.41,3.43,3.43,54,36,27,14,/data1/lareauc/users/chuh/softwares/CARPNN/examples/01_bindcraft_boltz_refolded/predictions/boltz_predictions/chunk_1/boltz_results_chunk_1/predictions/BCMA_l54_s398596_mpnn17__BCMA/BCMA_l54_s398596_mpnn17__BCMA_model_2,0.98,0.98,0,0,-136.51,0.28,0.72,0.56,-44.99,1368.07,-3.29,34.9,57.89,19,4,21.05,0.0,0.0,"{'A': 2, 'C': 0, 'D': 0, 'E': 1, 'F': 2, 'G': 1, 'H': 1, 'I': 2, 'K': 1, 'L': 1, 'M': 1, 'N': 0, 'P': 0, 'Q': 1, 'R': 3, 'S': 0, 'T': 0, 'V': 1, 'W': 1, 'Y': 1}",100.0,0.0,0.0,88.89,0.0,11.11,/data1/lareauc/users/chuh/softwares/CARPNN/examples/01_bindcraft_boltz_refolded/predictions/boltz_predictions/chunk_1/boltz_results_chunk_1/predictions/BCMA_l54_s398596_mpnn17__BCMA/BCMA_l54_s398596_mpnn17__BCMA_model_2.pdb,/data1/lareauc/users/chuh/softwares/CARPNN/examples/01_bindcraft_boltz_refolded/predictions/boltz_predictions/chunk_1/boltz_results_chunk_1/predictions/BCMA_l54_s398596_mpnn17__BCMA//relaxed/BCMA_l54_s398596_mpnn17__BCMA_model_2.pdb
BCMA_l54_s398596_mpnn17__BCMA,BCMA_l54_s398596_mpnn17__BCMA_model_4,/data1/lareauc/users/chuh/softwares/CARPNN/examples/01_bindcraft_boltz_refolded/predictions/boltz_predictions/chunk_1/boltz_results_chunk_1/predictions/BCMA_l54_s398596_mpnn17__BCMA/BCMA_l54_s398596_mpnn17__BCMA_model_4.pdb,/data1/lareauc/users/chuh/softwares/CARPNN/examples/01_bindcraft_boltz_refolded/predictions/boltz_predictions/chunk_1/boltz_results_chunk_1/predictions/BCMA_l54_s398596_mpnn17__BCMA/confidence_BCMA_l54_s398596_mpnn17__BCMA_model_4.json,/data1/lareauc/users/chuh/softwares/CARPNN/examples/01_bindcraft_boltz_refolded/predictions/boltz_predictions/chunk_1/boltz_results_chunk_1/predictions/BCMA_l54_s398596_mpnn17__BCMA/pae_BCMA_l54_s398596_mpnn17__BCMA_model_4.npz,/data1/lareauc/users/chuh/softwares/CARPNN/examples/01_bindcraft_boltz_refolded/predictions/boltz_predictions/chunk_1/boltz_results_chunk_1/predictions/BCMA_l54_s398596_mpnn17__BCMA/plddt_BCMA_l54_s398596_mpnn17__BCMA_model_4.npz,0.9512181282043457,0.9602277278900146,0.9469212889671326,0.0,0.9469212889671326,0.9522923827171326,0.9595047831535339,0.28413116931915283,0.37101924419403076,0.9731643795967102,0.962897002696991,0.9731643795967102,0.9459007978439331,0.9469212889671326,0.962897002696991,1.4808964729309082,1.1161547899246216,1.129658818244934,1.8715319633483887,A,B,10,10,max,0.908618,0.951644,0.951644,0.947,0.951644,0.3307,0.919,0.8517,54,90,90,2.41,3.43,3.43,54,36,27,13,/data1/lareauc/users/chuh/softwares/CARPNN/examples/01_bindcraft_boltz_refolded/predictions/boltz_predictions/chunk_1/boltz_results_chunk_1/predictions/BCMA_l54_s398596_mpnn17__BCMA/BCMA_l54_s398596_mpnn17__BCMA_model_4,0.97,0.98,0,0,-140.78,0.28,0.72,0.62,-43.7,1349.8,-3.24,34.33,57.89,19,4,21.05,0.0,0.0,"{'A': 2, 'C': 0, 'D': 0, 'E': 1, 'F': 2, 'G': 1, 'H': 1, 'I': 2, 'K': 1, 'L': 1, 'M': 1, 'N': 0, 'P': 0, 'Q': 1, 'R': 3, 'S': 0, 'T': 0, 'V': 1, 'W': 1, 'Y': 1}",100.0,0.0,0.0,87.04,0.0,12.96,/data1/lareauc/users/chuh/softwares/CARPNN/examples/01_bindcraft_boltz_refolded/predictions/boltz_predictions/chunk_1/boltz_results_chunk_1/predictions/BCMA_l54_s398596_mpnn17__BCMA/BCMA_l54_s398596_mpnn17__BCMA_model_4.pdb,/data1/lareauc/users/chuh/softwares/CARPNN/examples/01_bindcraft_boltz_refolded/predictions/boltz_predictions/chunk_1/boltz_results_chunk_1/predictions/BCMA_l54_s398596_mpnn17__BCMA//relaxed/BCMA_l54_s398596_mpnn17__BCMA_model_4.pdb
BCMA_l54_s398596_mpnn17__BCMA,BCMA_l54_s398596_mpnn17__BCMA_model_1,/data1/lareauc/users/chuh/softwares/CARPNN/examples/01_bindcraft_boltz_refolded/predictions/boltz_predictions/chunk_1/boltz_results_chunk_1/predictions/BCMA_l54_s398596_mpnn17__BCMA/BCMA_l54_s398596_mpnn17__BCMA_model_1.pdb,/data1/lareauc/users/chuh/softwares/CARPNN/examples/01_bindcraft_boltz_refolded/predictions/boltz_predictions/chunk_1/boltz_results_chunk_1/predictions/BCMA_l54_s398596_mpnn17__BCMA/confidence_BCMA_l54_s398596_mpnn17__BCMA_model_1.json,/data1/lareauc/users/chuh/softwares/CARPNN/examples/01_bindcraft_boltz_refolded/predictions/boltz_predictions/chunk_1/boltz_results_chunk_1/predictions/BCMA_l54_s398596_mpnn17__BCMA/pae_BCMA_l54_s398596_mpnn17__BCMA_model_1.npz,/data1/lareauc/users/chuh/softwares/CARPNN/examples/01_bindcraft_boltz_refolded/predictions/boltz_predictions/chunk_1/boltz_results_chunk_1/predictions/BCMA_l54_s398596_mpnn17__BCMA/plddt_BCMA_l54_s398596_mpnn17__BCMA_model_1.npz,0.9545039534568787,0.9737488627433777,0.9674787521362305,0.0,0.9674787521362305,0.9512602090835571,0.9599550366401672,0.26210007071495056,0.28250986337661743,0.9810082316398621,0.9765036106109619,0.9810082316398621,0.9616625308990479,0.9674787521362305,0.9765036106109619,1.112979531288147,0.9021165370941162,0.8106300234794617,1.3719098567962646,A,B,10,10,max,0.93947,0.973742,0.973742,0.967,0.973742,0.3433,0.9245,0.8857,54,90,90,2.41,3.43,3.43,54,36,27,13,/data1/lareauc/users/chuh/softwares/CARPNN/examples/01_bindcraft_boltz_refolded/predictions/boltz_predictions/chunk_1/boltz_results_chunk_1/predictions/BCMA_l54_s398596_mpnn17__BCMA/BCMA_l54_s398596_mpnn17__BCMA_model_1,0.97,0.98,0,0,-134.99,0.28,0.71,0.58,-45.32,1372.83,-3.3,36.19,57.89,19,4,21.05,0.0,0.0,"{'A': 2, 'C': 0, 'D': 0, 'E': 1, 'F': 2, 'G': 1, 'H': 1, 'I': 2, 'K': 1, 'L': 1, 'M': 1, 'N': 0, 'P': 0, 'Q': 1, 'R': 3, 'S': 0, 'T': 0, 'V': 1, 'W': 1, 'Y': 1}",100.0,0.0,0.0,88.89,0.0,11.11,/data1/lareauc/users/chuh/softwares/CARPNN/examples/01_bindcraft_boltz_refolded/predictions/boltz_predictions/chunk_1/boltz_results_chunk_1/predictions/BCMA_l54_s398596_mpnn17__BCMA/BCMA_l54_s398596_mpnn17__BCMA_model_1.pdb,/data1/lareauc/users/chuh/softwares/CARPNN/examples/01_bindcraft_boltz_refolded/predictions/boltz_predictions/chunk_1/boltz_results_chunk_1/predictions/BCMA_l54_s398596_mpnn17__BCMA//relaxed/BCMA_l54_s398596_mpnn17__BCMA_model_1.pdb
BCMA_l54_s398596_mpnn17__BCMA,BCMA_l54_s398596_mpnn17__BCMA_model_3,/data1/lareauc/users/chuh/softwares/CARPNN/examples/01_bindcraft_boltz_refolded/predictions/boltz_predictions/chunk_1/boltz_results_chunk_1/predictions/BCMA_l54_s398596_mpnn17__BCMA/BCMA_l54_s398596_mpnn17__BCMA_model_3.pdb,/data1/lareauc/users/chuh/softwares/CARPNN/examples/01_bindcraft_boltz_refolded/predictions/boltz_predictions/chunk_1/boltz_results_chunk_1/predictions/BCMA_l54_s398596_mpnn17__BCMA/confidence_BCMA_l54_s398596_mpnn17__BCMA_model_3.json,/data1/lareauc/users/chuh/softwares/CARPNN/examples/01_bindcraft_boltz_refolded/predictions/boltz_predictions/chunk_1/boltz_results_chunk_1/predictions/BCMA_l54_s398596_mpnn17__BCMA/pae_BCMA_l54_s398596_mpnn17__BCMA_model_3.npz,/data1/lareauc/users/chuh/softwares/CARPNN/examples/01_bindcraft_boltz_refolded/predictions/boltz_predictions/chunk_1/boltz_results_chunk_1/predictions/BCMA_l54_s398596_mpnn17__BCMA/plddt_BCMA_l54_s398596_mpnn17__BCMA_model_3.npz,0.9520408511161804,0.9652561545372009,0.9541559219360352,0.0,0.9541559219360352,0.9515120387077332,0.9576276540756226,0.2738129794597626,0.3381800353527069,0.9763472080230713,0.9687827229499817,0.9763472080230713,0.9511113166809082,0.9541559219360352,0.9687827229499817,1.3290683031082153,1.030290961265564,0.9776158928871155,1.6703020334243774,A,B,10,10,max,0.920467,0.960747,0.960747,0.954,0.960747,0.3161,0.9155,0.8617,54,90,90,2.41,3.43,3.43,54,36,27,13,/data1/lareauc/users/chuh/softwares/CARPNN/examples/01_bindcraft_boltz_refolded/predictions/boltz_predictions/chunk_1/boltz_results_chunk_1/predictions/BCMA_l54_s398596_mpnn17__BCMA/BCMA_l54_s398596_mpnn17__BCMA_model_3,0.97,0.97,0,0,-133.11,0.28,0.68,0.57,-40.66,1396.93,-2.91,35.01,57.89,19,3,15.79,2.0,10.53,"{'A': 2, 'C': 0, 'D': 0, 'E': 1, 'F': 2, 'G': 1, 'H': 1, 'I': 2, 'K': 1, 'L': 1, 'M': 1, 'N': 0, 'P': 0, 'Q': 1, 'R': 3, 'S': 0, 'T': 0, 'V': 1, 'W': 1, 'Y': 1}",100.0,0.0,0.0,87.04,0.0,12.96,/data1/lareauc/users/chuh/softwares/CARPNN/examples/01_bindcraft_boltz_refolded/predictions/boltz_predictions/chunk_1/boltz_results_chunk_1/predictions/BCMA_l54_s398596_mpnn17__BCMA/BCMA_l54_s398596_mpnn17__BCMA_model_3.pdb,/data1/lareauc/users/chuh/softwares/CARPNN/examples/01_bindcraft_boltz_refolded/predictions/boltz_predictions/chunk_1/boltz_results_chunk_1/predictions/BCMA_l54_s398596_mpnn17__BCMA//relaxed/BCMA_l54_s398596_mpnn17__BCMA_model_3.pdb
BCMA_l55_s835555_mpnn4__BCMA,BCMA_l55_s835555_mpnn4__BCMA_model_3,/data1/lareauc/users/chuh/softwares/CARPNN/examples/01_bindcraft_boltz_refolded/predictions/boltz_predictions/chunk_1/boltz_results_chunk_1/predictions/BCMA_l55_s835555_mpnn4__BCMA/BCMA_l55_s835555_mpnn4__BCMA_model_3.pdb,/data1/lareauc/users/chuh/softwares/CARPNN/examples/01_bindcraft_boltz_refolded/predictions/boltz_predictions/chunk_1/boltz_results_chunk_1/predictions/BCMA_l55_s835555_mpnn4__BCMA/confidence_BCMA_l55_s835555_mpnn4__BCMA_model_3.json,/data1/lareauc/users/chuh/softwares/CARPNN/examples/01_bindcraft_boltz_refolded/predictions/boltz_predictions/chunk_1/boltz_results_chunk_1/predictions/BCMA_l55_s835555_mpnn4__BCMA/pae_BCMA_l55_s835555_mpnn4__BCMA_model_3.npz,/data1/lareauc/users/chuh/softwares/CARPNN/examples/01_bindcraft_boltz_refolded/predictions/boltz_predictions/chunk_1/boltz_results_chunk_1/predictions/BCMA_l55_s835555_mpnn4__BCMA/plddt_BCMA_l55_s835555_mpnn4__BCMA_model_3.npz,0.9578338861465454,0.9474707841873169,0.9370844960212708,0.0,0.9370844960212708,0.9630212187767029,0.967153012752533,0.32118332386016846,0.5151669383049011,0.9675435423851013,0.9408349990844727,0.9675435423851013,0.9370844960212708,0.9206541180610657,0.9408349990844727,1.803022861480713,1.0653866529464722,1.6389049291610718,2.420206069946289,A,B,10,10,max,0.881971,0.936242,0.936242,0.937,0.936242,0.3731,0.9223,0.8113,55,91,91,2.44,3.45,3.45,55,36,30,19,/data1/lareauc/users/chuh/softwares/CARPNN/examples/01_bindcraft_boltz_refolded/predictions/boltz_predictions/chunk_1/boltz_results_chunk_1/predictions/BCMA_l55_s835555_mpnn4__BCMA/BCMA_l55_s835555_mpnn4__BCMA_model_3,0.98,0.98,1,0,-140.83,0.27,0.76,0.6,-43.66,1398.92,-3.12,40.32,52.94,17,6,35.29,3.0,17.65,"{'A': 0, 'C': 0, 'D': 0, 'E': 2, 'F': 0, 'G': 0, 'H': 0, 'I': 1, 'K': 0, 'L': 2, 'M': 3, 'N': 0, 'P': 0, 'Q': 1, 'R': 2, 'S': 1, 'T': 2, 'V': 2, 'W': 0, 'Y': 1}",71.43,0.0,28.57,81.82,0.0,18.18,/data1/lareauc/users/chuh/softwares/CARPNN/examples/01_bindcraft_boltz_refolded/predictions/boltz_predictions/chunk_1/boltz_results_chunk_1/predictions/BCMA_l55_s835555_mpnn4__BCMA/BCMA_l55_s835555_mpnn4__BCMA_model_3.pdb,/data1/lareauc/users/chuh/softwares/CARPNN/examples/01_bindcraft_boltz_refolded/predictions/boltz_predictions/chunk_1/boltz_results_chunk_1/predictions/BCMA_l55_s835555_mpnn4__BCMA//relaxed/BCMA_l55_s835555_mpnn4__BCMA_model_3.pdb
BCMA_l55_s835555_mpnn4__BCMA,BCMA_l55_s835555_mpnn4__BCMA_model_1,/data1/lareauc/users/chuh/softwares/CARPNN/examples/01_bindcraft_boltz_refolded/predictions/boltz_predictions/chunk_1/boltz_results_chunk_1/predictions/BCMA_l55_s835555_mpnn4__BCMA/BCMA_l55_s835555_mpnn4__BCMA_model_1.pdb,/data1/lareauc/users/chuh/softwares/CARPNN/examples/01_bindcraft_boltz_refolded/predictions/boltz_predictions/chunk_1/boltz_results_chunk_1/predictions/BCMA_l55_s835555_mpnn4__BCMA/confidence_BCMA_l55_s835555_mpnn4__BCMA_model_1.json,/data1/lareauc/users/chuh/softwares/CARPNN/examples/01_bindcraft_boltz_refolded/predictions/boltz_predictions/chunk_1/boltz_results_chunk_1/predictions/BCMA_l55_s835555_mpnn4__BCMA/pae_BCMA_l55_s835555_mpnn4__BCMA_model_1.npz,/data1/lareauc/users/chuh/softwares/CARPNN/examples/01_bindcraft_boltz_refolded/predictions/boltz_predictions/chunk_1/boltz_results_chunk_1/predictions/BCMA_l55_s835555_mpnn4__BCMA/plddt_BCMA_l55_s835555_mpnn4__BCMA_model_1.npz,0.9581002593040466,0.9484180212020874,0.9394526481628418,0.0,0.9394526481628418,0.9627621173858643,0.9703199863433838,0.3164009749889374,0.5023675560951233,0.9681281447410583,0.9415672421455383,0.9681281447410583,0.9394526481628418,0.9207543730735779,0.9415672421455383,1.7688182592391968,1.0116710662841797,1.6307896375656128,2.392367362976074,A,B,10,10,max,0.889187,0.940396,0.940396,0.939,0.940396,0.3576,0.936,0.8106,55,91,91,2.44,3.45,3.45,55,36,29,19,/data1/lareauc/users/chuh/softwares/CARPNN/examples/01_bindcraft_boltz_refolded/predictions/boltz_predictions/chunk_1/boltz_results_chunk_1/predictions/BCMA_l55_s835555_mpnn4__BCMA/BCMA_l55_s835555_mpnn4__BCMA_model_1,0.98,0.98,1,0,-151.16,0.27,0.77,0.56,-43.84,1331.93,-3.29,36.87,52.94,17,5,29.41,2.0,11.76,"{'A': 0, 'C': 0, 'D': 0, 'E': 2, 'F': 0, 'G': 0, 'H': 0, 'I': 1, 'K': 0, 'L': 2, 'M': 3, 'N': 0, 'P': 0, 'Q': 1, 'R': 2, 'S': 1, 'T': 2, 'V': 2, 'W': 0, 'Y': 1}",71.43,0.0,28.57,81.82,0.0,18.18,/data1/lareauc/users/chuh/softwares/CARPNN/examples/01_bindcraft_boltz_refolded/predictions/boltz_predictions/chunk_1/boltz_results_chunk_1/predictions/BCMA_l55_s835555_mpnn4__BCMA/BCMA_l55_s835555_mpnn4__BCMA_model_1.pdb,/data1/lareauc/users/chuh/softwares/CARPNN/examples/01_bindcraft_boltz_refolded/predictions/boltz_predictions/chunk_1/boltz_results_chunk_1/predictions/BCMA_l55_s835555_mpnn4__BCMA//relaxed/BCMA_l55_s835555_mpnn4__BCMA_model_1.pdb
BCMA_l55_s835555_mpnn4__BCMA,BCMA_l55_s835555_mpnn4__BCMA_model_4,/data1/lareauc/users/chuh/softwares/CARPNN/examples/01_bindcraft_boltz_refolded/predictions/boltz_predictions/chunk_1/boltz_results_chunk_1/predictions/BCMA_l55_s835555_mpnn4__BCMA/BCMA_l55_s835555_mpnn4__BCMA_model_4.pdb,/data1/lareauc/users/chuh/softwares/CARPNN/examples/01_bindcraft_boltz_refolded/predictions/boltz_predictions/chunk_1/boltz_results_chunk_1/predictions/BCMA_l55_s835555_mpnn4__BCMA/confidence_BCMA_l55_s835555_mpnn4__BCMA_model_4.json,/data1/lareauc/users/chuh/softwares/CARPNN/examples/01_bindcraft_boltz_refolded/predictions/boltz_predictions/chunk_1/boltz_results_chunk_1/predictions/BCMA_l55_s835555_mpnn4__BCMA/pae_BCMA_l55_s835555_mpnn4__BCMA_model_4.npz,/data1/lareauc/users/chuh/softwares/CARPNN/examples/01_bindcraft_boltz_refolded/predictions/boltz_predictions/chunk_1/boltz_results_chunk_1/predictions/BCMA_l55_s835555_mpnn4__BCMA/plddt_BCMA_l55_s835555_mpnn4__BCMA_model_4.npz,0.9578008055686951,0.9477209448814392,0.9374862909317017,0.0,0.9374862909317017,0.9628794193267822,0.9637821316719055,0.31554684042930603,0.4865559935569763,0.9666270017623901,0.9422376751899719,0.9666270017623901,0.9374862909317017,0.9219603538513184,0.9422376751899719,1.7409037351608276,1.063816785812378,1.5431098937988281,2.322855234146118,A,B,10,10,max,0.885921,0.93851,0.93851,0.937,0.93851,0.3771,0.9124,0.8161,55,91,91,2.44,3.45,3.45,55,36,28,19,/data1/lareauc/users/chuh/softwares/CARPNN/examples/01_bindcraft_boltz_refolded/predictions/boltz_predictions/chunk_1/boltz_results_chunk_1/predictions/BCMA_l55_s835555_mpnn4__BCMA/BCMA_l55_s835555_mpnn4__BCMA_model_4,0.98,0.98,0,0,-158.96,0.28,0.8,0.62,-47.32,1343.03,-3.52,37.3,50.0,18,7,38.89,2.0,11.11,"{'A': 0, 'C': 0, 'D': 0, 'E': 2, 'F': 0, 'G': 0, 'H': 0, 'I': 1, 'K': 1, 'L': 2, 'M': 3, 'N': 0, 'P': 0, 'Q': 1, 'R': 2, 'S': 1, 'T': 2, 'V': 2, 'W': 0, 'Y': 1}",66.67,0.0,33.33,81.82,0.0,18.18,/data1/lareauc/users/chuh/softwares/CARPNN/examples/01_bindcraft_boltz_refolded/predictions/boltz_predictions/chunk_1/boltz_results_chunk_1/predictions/BCMA_l55_s835555_mpnn4__BCMA/BCMA_l55_s835555_mpnn4__BCMA_model_4.pdb,/data1/lareauc/users/chuh/softwares/CARPNN/examples/01_bindcraft_boltz_refolded/predictions/boltz_predictions/chunk_1/boltz_results_chunk_1/predictions/BCMA_l55_s835555_mpnn4__BCMA//relaxed/BCMA_l55_s835555_mpnn4__BCMA_model_4.pdb
BCMA_l55_s835555_mpnn4__BCMA,BCMA_l55_s835555_mpnn4__BCMA_model_2,/data1/lareauc/users/chuh/softwares/CARPNN/examples/01_bindcraft_boltz_refolded/predictions/boltz_predictions/chunk_1/boltz_results_chunk_1/predictions/BCMA_l55_s835555_mpnn4__BCMA/BCMA_l55_s835555_mpnn4__BCMA_model_2.pdb,/data1/lareauc/users/chuh/softwares/CARPNN/examples/01_bindcraft_boltz_refolded/predictions/boltz_predictions/chunk_1/boltz_results_chunk_1/predictions/BCMA_l55_s835555_mpnn4__BCMA/confidence_BCMA_l55_s835555_mpnn4__BCMA_model_2.json,/data1/lareauc/users/chuh/softwares/CARPNN/examples/01_bindcraft_boltz_refolded/predictions/boltz_predictions/chunk_1/boltz_results_chunk_1/predictions/BCMA_l55_s835555_mpnn4__BCMA/pae_BCMA_l55_s835555_mpnn4__BCMA_model_2.npz,/data1/lareauc/users/chuh/softwares/CARPNN/examples/01_bindcraft_boltz_refolded/predictions/boltz_predictions/chunk_1/boltz_results_chunk_1/predictions/BCMA_l55_s835555_mpnn4__BCMA/plddt_BCMA_l55_s835555_mpnn4__BCMA_model_2.npz,0.9580827951431274,0.9504918456077576,0.9423021674156189,0.0,0.9423021674156189,0.962027907371521,0.9652144312858582,0.3043074905872345,0.45250204205513,0.9719444513320923,0.9469612240791321,0.9719444513320923,0.9423021674156189,0.9258990287780762,0.9469612240791321,1.627876877784729,0.9809237122535706,1.45363450050354,2.1791021823883057,A,B,10,10,max,0.896744,0.944748,0.944748,0.942,0.944748,0.3698,0.9201,0.8275,55,91,91,2.44,3.45,3.45,55,36,29,19,/data1/lareauc/users/chuh/softwares/CARPNN/examples/01_bindcraft_boltz_refolded/predictions/boltz_predictions/chunk_1/boltz_results_chunk_1/predictions/BCMA_l55_s835555_mpnn4__BCMA/BCMA_l55_s835555_mpnn4__BCMA_model_2,0.98,0.98,0,0,-158.06,0.28,0.78,0.59,-48.06,1362.75,-3.53,37.44,47.37,19,8,42.11,3.0,15.79,"{'A': 0, 'C': 0, 'D': 0, 'E': 2, 'F': 0, 'G': 1, 'H': 0, 'I': 1, 'K': 1, 'L': 2, 'M': 3, 'N': 0, 'P': 0, 'Q': 1, 'R': 2, 'S': 1, 'T': 2, 'V': 2, 'W': 0, 'Y': 1}",71.43,0.0,28.57,80.0,0.0,20.0,/data1/lareauc/users/chuh/softwares/CARPNN/examples/01_bindcraft_boltz_refolded/predictions/boltz_predictions/chunk_1/boltz_results_chunk_1/predictions/BCMA_l55_s835555_mpnn4__BCMA/BCMA_l55_s835555_mpnn4__BCMA_model_2.pdb,/data1/lareauc/users/chuh/softwares/CARPNN/examples/01_bindcraft_boltz_refolded/predictions/boltz_predictions/chunk_1/boltz_results_chunk_1/predictions/BCMA_l55_s835555_mpnn4__BCMA//relaxed/BCMA_l55_s835555_mpnn4__BCMA_model_2.pdb
BCMA_l55_s835555_mpnn4__BCMA,BCMA_l55_s835555_mpnn4__BCMA_model_0,/data1/lareauc/users/chuh/softwares/CARPNN/examples/01_bindcraft_boltz_refolded/predictions/boltz_predictions/chunk_1/boltz_results_chunk_1/predictions/BCMA_l55_s835555_mpnn4__BCMA/BCMA_l55_s835555_mpnn4__BCMA_model_0.pdb,/data1/lareauc/users/chuh/softwares/CARPNN/examples/01_bindcraft_boltz_refolded/predictions/boltz_predictions/chunk_1/boltz_results_chunk_1/predictions/BCMA_l55_s835555_mpnn4__BCMA/confidence_BCMA_l55_s835555_mpnn4__BCMA_model_0.json,/data1/lareauc/users/chuh/softwares/CARPNN/examples/01_bindcraft_boltz_refolded/predictions/boltz_predictions/chunk_1/boltz_results_chunk_1/predictions/BCMA_l55_s835555_mpnn4__BCMA/pae_BCMA_l55_s835555_mpnn4__BCMA_model_0.npz,/data1/lareauc/users/chuh/softwares/CARPNN/examples/01_bindcraft_boltz_refolded/predictions/boltz_predictions/chunk_1/boltz_results_chunk_1/predictions/BCMA_l55_s835555_mpnn4__BCMA/plddt_BCMA_l55_s835555_mpnn4__BCMA_model_0.npz,0.9591723680496216,0.9504989981651306,0.9412555694580078,0.0,0.9412555694580078,0.9636515378952026,0.9705187678337097,0.31332769989967346,0.4914934039115906,0.970076322555542,0.9438961148262024,0.970076322555542,0.9412555694580078,0.926189124584198,0.9438961148262024,1.7221308946609497,1.0386691093444824,1.5369049310684204,2.3048393726348877,A,B,10,10,max,0.892897,0.94253,0.94253,0.941,0.94253,0.3462,0.9362,0.8171,55,91,91,2.44,3.45,3.45,55,36,29,19,/data1/lareauc/users/chuh/softwares/CARPNN/examples/01_bindcraft_boltz_refolded/predictions/boltz_predictions/chunk_1/boltz_results_chunk_1/predictions/BCMA_l55_s835555_mpnn4__BCMA/BCMA_l55_s835555_mpnn4__BCMA_model_0,0.98,0.98,1,0,-150.68,0.28,0.79,0.6,-49.7,1383.9,-3.59,39.02,50.0,18,8,44.44,3.0,16.67,"{'A': 0, 'C': 0, 'D': 0, 'E': 2, 'F': 0, 'G': 1, 'H': 0, 'I': 1, 'K': 0, 'L': 2, 'M': 3, 'N': 0, 'P': 0, 'Q': 1, 'R': 2, 'S': 1, 'T': 2, 'V': 2, 'W': 0, 'Y': 1}",71.43,0.0,28.57,80.0,0.0,20.0,/data1/lareauc/users/chuh/softwares/CARPNN/examples/01_bindcraft_boltz_refolded/predictions/boltz_predictions/chunk_1/boltz_results_chunk_1/predictions/BCMA_l55_s835555_mpnn4__BCMA/BCMA_l55_s835555_mpnn4__BCMA_model_0.pdb,/data1/lareauc/users/chuh/softwares/CARPNN/examples/01_bindcraft_boltz_refolded/predictions/boltz_predictions/chunk_1/boltz_results_chunk_1/predictions/BCMA_l55_s835555_mpnn4__BCMA//relaxed/BCMA_l55_s835555_mpnn4__BCMA_model_0.pdb
BCMA_l54_s17866_mpnn3__BCMA,BCMA_l54_s17866_mpnn3__BCMA_model_0,/data1/lareauc/users/chuh/softwares/CARPNN/examples/01_bindcraft_boltz_refolded/predictions/boltz_predictions/chunk_1/boltz_results_chunk_1/predictions/BCMA_l54_s17866_mpnn3__BCMA/BCMA_l54_s17866_mpnn3__BCMA_model_0.pdb,/data1/lareauc/users/chuh/softwares/CARPNN/examples/01_bindcraft_boltz_refolded/predictions/boltz_predictions/chunk_1/boltz_results_chunk_1/predictions/BCMA_l54_s17866_mpnn3__BCMA/confidence_BCMA_l54_s17866_mpnn3__BCMA_model_0.json,/data1/lareauc/users/chuh/softwares/CARPNN/examples/01_bindcraft_boltz_refolded/predictions/boltz_predictions/chunk_1/boltz_results_chunk_1/predictions/BCMA_l54_s17866_mpnn3__BCMA/pae_BCMA_l54_s17866_mpnn3__BCMA_model_0.npz,/data1/lareauc/users/chuh/softwares/CARPNN/examples/01_bindcraft_boltz_refolded/predictions/boltz_predictions/chunk_1/boltz_results_chunk_1/predictions/BCMA_l54_s17866_mpnn3__BCMA/plddt_BCMA_l54_s17866_mpnn3__BCMA_model_0.npz,0.9316421747207642,0.9546867609024048,0.933879554271698,0.0,0.933879554271698,0.9310828447341919,0.9385108351707458,0.29923462867736816,0.4676533639431,0.9707134962081909,0.9525972008705139,0.9707134962081909,0.9023441076278687,0.933879554271698,0.9525972008705139,1.686202049255371,1.0447335243225098,1.4428119659423828,2.2484335899353027,A,B,10,10,max,0.825076,0.933495,0.933495,0.934,0.933495,0.2906,0.8687,0.8274,54,90,90,2.41,3.43,3.43,54,36,28,16,/data1/lareauc/users/chuh/softwares/CARPNN/examples/01_bindcraft_boltz_refolded/predictions/boltz_predictions/chunk_1/boltz_results_chunk_1/predictions/BCMA_l54_s17866_mpnn3__BCMA/BCMA_l54_s17866_mpnn3__BCMA_model_0,0.97,0.96,0,0,-143.5,0.26,0.68,0.73,-35.51,1307.43,-2.72,36.79,52.94,17,4,23.53,1.0,5.88,"{'A': 2, 'C': 0, 'D': 0, 'E': 3, 'F': 0, 'G': 0, 'H': 0, 'I': 1, 'K': 0, 'L': 0, 'M': 3, 'N': 0, 'P': 0, 'Q': 1, 'R': 2, 'S': 0, 'T': 2, 'V': 0, 'W': 3, 'Y': 0}",92.86,0.0,7.14,85.19,0.0,14.81,/data1/lareauc/users/chuh/softwares/CARPNN/examples/01_bindcraft_boltz_refolded/predictions/boltz_predictions/chunk_1/boltz_results_chunk_1/predictions/BCMA_l54_s17866_mpnn3__BCMA/BCMA_l54_s17866_mpnn3__BCMA_model_0.pdb,/data1/lareauc/users/chuh/softwares/CARPNN/examples/01_bindcraft_boltz_refolded/predictions/boltz_predictions/chunk_1/boltz_results_chunk_1/predictions/BCMA_l54_s17866_mpnn3__BCMA//relaxed/BCMA_l54_s17866_mpnn3__BCMA_model_0.pdb
BCMA_l54_s17866_mpnn3__BCMA,BCMA_l54_s17866_mpnn3__BCMA_model_3,/data1/lareauc/users/chuh/softwares/CARPNN/examples/01_bindcraft_boltz_refolded/predictions/boltz_predictions/chunk_1/boltz_results_chunk_1/predictions/BCMA_l54_s17866_mpnn3__BCMA/BCMA_l54_s17866_mpnn3__BCMA_model_3.pdb,/data1/lareauc/users/chuh/softwares/CARPNN/examples/01_bindcraft_boltz_refolded/predictions/boltz_predictions/chunk_1/boltz_results_chunk_1/predictions/BCMA_l54_s17866_mpnn3__BCMA/confidence_BCMA_l54_s17866_mpnn3__BCMA_model_3.json,/data1/lareauc/users/chuh/softwares/CARPNN/examples/01_bindcraft_boltz_refolded/predictions/boltz_predictions/chunk_1/boltz_results_chunk_1/predictions/BCMA_l54_s17866_mpnn3__BCMA/pae_BCMA_l54_s17866_mpnn3__BCMA_model_3.npz,/data1/lareauc/users/chuh/softwares/CARPNN/examples/01_bindcraft_boltz_refolded/predictions/boltz_predictions/chunk_1/boltz_results_chunk_1/predictions/BCMA_l54_s17866_mpnn3__BCMA/plddt_BCMA_l54_s17866_mpnn3__BCMA_model_3.npz,0.9290013313293457,0.9562442302703857,0.9383465647697449,0.0,0.9383465647697449,0.9266650676727295,0.9362243413925171,0.29624369740486145,0.4382014572620392,0.9709362983703613,0.9550644755363464,0.9709362983703613,0.9051312804222107,0.9383465647697449,0.9550644755363464,1.6467974185943604,1.0438425540924072,1.4259153604507446,2.172640800476074,A,B,10,10,max,0.832148,0.938603,0.938603,0.938,0.938603,0.3204,0.8654,0.8337,54,90,90,2.41,3.43,3.43,54,36,31,16,/data1/lareauc/users/chuh/softwares/CARPNN/examples/01_bindcraft_boltz_refolded/predictions/boltz_predictions/chunk_1/boltz_results_chunk_1/predictions/BCMA_l54_s17866_mpnn3__BCMA/BCMA_l54_s17866_mpnn3__BCMA_model_3,0.96,0.95,1,0,-146.07,0.26,0.72,0.7,-39.32,1304.26,-3.01,36.08,52.94,17,4,23.53,2.0,11.76,"{'A': 2, 'C': 0, 'D': 0, 'E': 3, 'F': 0, 'G': 0, 'H': 0, 'I': 1, 'K': 0, 'L': 0, 'M': 3, 'N': 0, 'P': 0, 'Q': 1, 'R': 2, 'S': 0, 'T': 2, 'V': 0, 'W': 3, 'Y': 0}",87.5,0.0,12.5,85.19,0.0,14.81,/data1/lareauc/users/chuh/softwares/CARPNN/examples/01_bindcraft_boltz_refolded/predictions/boltz_predictions/chunk_1/boltz_results_chunk_1/predictions/BCMA_l54_s17866_mpnn3__BCMA/BCMA_l54_s17866_mpnn3__BCMA_model_3.pdb,/data1/lareauc/users/chuh/softwares/CARPNN/examples/01_bindcraft_boltz_refolded/predictions/boltz_predictions/chunk_1/boltz_results_chunk_1/predictions/BCMA_l54_s17866_mpnn3__BCMA//relaxed/BCMA_l54_s17866_mpnn3__BCMA_model_3.pdb
BCMA_l54_s17866_mpnn3__BCMA,BCMA_l54_s17866_mpnn3__BCMA_model_4,/data1/lareauc/users/chuh/softwares/CARPNN/examples/01_bindcraft_boltz_refolded/predictions/boltz_predictions/chunk_1/boltz_results_chunk_1/predictions/BCMA_l54_s17866_mpnn3__BCMA/BCMA_l54_s17866_mpnn3__BCMA_model_4.pdb,/data1/lareauc/users/chuh/softwares/CARPNN/examples/01_bindcraft_boltz_refolded/predictions/boltz_predictions/chunk_1/boltz_results_chunk_1/predictions/BCMA_l54_s17866_mpnn3__BCMA/confidence_BCMA_l54_s17866_mpnn3__BCMA_model_4.json,/data1/lareauc/users/chuh/softwares/CARPNN/examples/01_bindcraft_boltz_refolded/predictions/boltz_predictions/chunk_1/boltz_results_chunk_1/predictions/BCMA_l54_s17866_mpnn3__BCMA/pae_BCMA_l54_s17866_mpnn3__BCMA_model_4.npz,/data1/lareauc/users/chuh/softwares/CARPNN/examples/01_bindcraft_boltz_refolded/predictions/boltz_predictions/chunk_1/boltz_results_chunk_1/predictions/BCMA_l54_s17866_mpnn3__BCMA/plddt_BCMA_l54_s17866_mpnn3__BCMA_model_4.npz,0.9285499453544617,0.9482200741767883,0.9261899590492249,0.0,0.9261899590492249,0.9291399717330933,0.9379253387451172,0.30605220794677734,0.4825926125049591,0.9646622538566589,0.9502630233764648,0.9646622538566589,0.8766929507255554,0.9261899590492249,0.9502630233764648,1.840720534324646,1.2831380367279053,1.4211150407791138,2.398775815963745,A,B,10,10,max,0.780701,0.924562,0.923637,0.926,0.924562,0.3224,0.8649,0.8189,54,90,89,2.41,3.43,3.41,54,36,29,16,/data1/lareauc/users/chuh/softwares/CARPNN/examples/01_bindcraft_boltz_refolded/predictions/boltz_predictions/chunk_1/boltz_results_chunk_1/predictions/BCMA_l54_s17866_mpnn3__BCMA/BCMA_l54_s17866_mpnn3__BCMA_model_4,0.97,0.95,0,0,-151.27,0.26,0.7,0.68,-38.96,1300.9,-3.0,38.0,52.94,17,4,23.53,2.0,11.76,"{'A': 2, 'C': 0, 'D': 0, 'E': 3, 'F': 0, 'G': 0, 'H': 0, 'I': 1, 'K': 0, 'L': 0, 'M': 3, 'N': 0, 'P': 0, 'Q': 1, 'R': 2, 'S': 0, 'T': 2, 'V': 0, 'W': 3, 'Y': 0}",92.86,0.0,7.14,85.19,0.0,14.81,/data1/lareauc/users/chuh/softwares/CARPNN/examples/01_bindcraft_boltz_refolded/predictions/boltz_predictions/chunk_1/boltz_results_chunk_1/predictions/BCMA_l54_s17866_mpnn3__BCMA/BCMA_l54_s17866_mpnn3__BCMA_model_4.pdb,/data1/lareauc/users/chuh/softwares/CARPNN/examples/01_bindcraft_boltz_refolded/predictions/boltz_predictions/chunk_1/boltz_results_chunk_1/predictions/BCMA_l54_s17866_mpnn3__BCMA//relaxed/BCMA_l54_s17866_mpnn3__BCMA_model_4.pdb
BCMA_l54_s17866_mpnn3__BCMA,BCMA_l54_s17866_mpnn3__BCMA_model_1,/data1/lareauc/users/chuh/softwares/CARPNN/examples/01_bindcraft_boltz_refolded/predictions/boltz_predictions/chunk_1/boltz_results_chunk_1/predictions/BCMA_l54_s17866_mpnn3__BCMA/BCMA_l54_s17866_mpnn3__BCMA_model_1.pdb,/data1/lareauc/users/chuh/softwares/CARPNN/examples/01_bindcraft_boltz_refolded/predictions/boltz_predictions/chunk_1/boltz_results_chunk_1/predictions/BCMA_l54_s17866_mpnn3__BCMA/confidence_BCMA_l54_s17866_mpnn3__BCMA_model_1.json,/data1/lareauc/users/chuh/softwares/CARPNN/examples/01_bindcraft_boltz_refolded/predictions/boltz_predictions/chunk_1/boltz_results_chunk_1/predictions/BCMA_l54_s17866_mpnn3__BCMA/pae_BCMA_l54_s17866_mpnn3__BCMA_model_1.npz,/data1/lareauc/users/chuh/softwares/CARPNN/examples/01_bindcraft_boltz_refolded/predictions/boltz_predictions/chunk_1/boltz_results_chunk_1/predictions/BCMA_l54_s17866_mpnn3__BCMA/plddt_BCMA_l54_s17866_mpnn3__BCMA_model_1.npz,0.9309379458427429,0.9456146955490112,0.9229061603546143,0.0,0.9229061603546143,0.9329459071159363,0.944924533367157,0.3115009367465973,0.5434812903404236,0.9656345248222351,0.9463951587677002,0.9656345248222351,0.8853200078010559,0.9229061603546143,0.9463951587677002,1.796895146369934,1.1369357109069824,1.4892152547836304,2.3944246768951416,A,B,10,10,max,0.789209,0.917439,0.917439,0.923,0.917439,0.3015,0.8805,0.8089,54,90,90,2.41,3.43,3.43,54,36,28,16,/data1/lareauc/users/chuh/softwares/CARPNN/examples/01_bindcraft_boltz_refolded/predictions/boltz_predictions/chunk_1/boltz_results_chunk_1/predictions/BCMA_l54_s17866_mpnn3__BCMA/BCMA_l54_s17866_mpnn3__BCMA_model_1,0.97,0.96,1,0,-147.63,0.26,0.66,0.78,-33.28,1317.24,-2.53,37.58,50.0,16,4,25.0,2.0,12.5,"{'A': 2, 'C': 0, 'D': 0, 'E': 3, 'F': 0, 'G': 0, 'H': 0, 'I': 1, 'K': 0, 'L': 0, 'M': 2, 'N': 0, 'P': 0, 'Q': 1, 'R': 2, 'S': 0, 'T': 2, 'V': 0, 'W': 3, 'Y': 0}",92.86,0.0,7.14,85.19,0.0,14.81,/data1/lareauc/users/chuh/softwares/CARPNN/examples/01_bindcraft_boltz_refolded/predictions/boltz_predictions/chunk_1/boltz_results_chunk_1/predictions/BCMA_l54_s17866_mpnn3__BCMA/BCMA_l54_s17866_mpnn3__BCMA_model_1.pdb,/data1/lareauc/users/chuh/softwares/CARPNN/examples/01_bindcraft_boltz_refolded/predictions/boltz_predictions/chunk_1/boltz_results_chunk_1/predictions/BCMA_l54_s17866_mpnn3__BCMA//relaxed/BCMA_l54_s17866_mpnn3__BCMA_model_1.pdb
BCMA_l54_s17866_mpnn3__BCMA,BCMA_l54_s17866_mpnn3__BCMA_model_2,/data1/lareauc/users/chuh/softwares/CARPNN/examples/01_bindcraft_boltz_refolded/predictions/boltz_predictions/chunk_1/boltz_results_chunk_1/predictions/BCMA_l54_s17866_mpnn3__BCMA/BCMA_l54_s17866_mpnn3__BCMA_model_2.pdb,/data1/lareauc/users/chuh/softwares/CARPNN/examples/01_bindcraft_boltz_refolded/predictions/boltz_predictions/chunk_1/boltz_results_chunk_1/predictions/BCMA_l54_s17866_mpnn3__BCMA/confidence_BCMA_l54_s17866_mpnn3__BCMA_model_2.json,/data1/lareauc/users/chuh/softwares/CARPNN/examples/01_bindcraft_boltz_refolded/predictions/boltz_predictions/chunk_1/boltz_results_chunk_1/predictions/BCMA_l54_s17866_mpnn3__BCMA/pae_BCMA_l54_s17866_mpnn3__BCMA_model_2.npz,/data1/lareauc/users/chuh/softwares/CARPNN/examples/01_bindcraft_boltz_refolded/predictions/boltz_predictions/chunk_1/boltz_results_chunk_1/predictions/BCMA_l54_s17866_mpnn3__BCMA/plddt_BCMA_l54_s17866_mpnn3__BCMA_model_2.npz,0.9297415018081665,0.9462106823921204,0.9263701438903809,0.0,0.9263701438903809,0.9305843710899353,0.9409403800964355,0.3109671175479889,0.5078240036964417,0.9625407457351685,0.9492079615592957,0.9625407457351685,0.8794720768928528,0.9263701438903809,0.9492079615592957,1.8534942865371704,1.2653135061264038,1.4747710227966309,2.420870780944824,A,B,10,10,max,0.78138,0.921986,0.921986,0.926,0.921986,0.3379,0.8722,0.8167,54,90,90,2.41,3.43,3.43,54,36,31,16,/data1/lareauc/users/chuh/softwares/CARPNN/examples/01_bindcraft_boltz_refolded/predictions/boltz_predictions/chunk_1/boltz_results_chunk_1/predictions/BCMA_l54_s17866_mpnn3__BCMA/BCMA_l54_s17866_mpnn3__BCMA_model_2,0.97,0.95,0,0,-146.62,0.26,0.68,0.7,-33.18,1259.96,-2.63,35.27,50.0,16,1,6.25,1.0,6.25,"{'A': 2, 'C': 0, 'D': 0, 'E': 3, 'F': 0, 'G': 0, 'H': 0, 'I': 1, 'K': 0, 'L': 0, 'M': 2, 'N': 0, 'P': 0, 'Q': 1, 'R': 2, 'S': 0, 'T': 2, 'V': 0, 'W': 3, 'Y': 0}",93.33,0.0,6.67,85.19,0.0,14.81,/data1/lareauc/users/chuh/softwares/CARPNN/examples/01_bindcraft_boltz_refolded/predictions/boltz_predictions/chunk_1/boltz_results_chunk_1/predictions/BCMA_l54_s17866_mpnn3__BCMA/BCMA_l54_s17866_mpnn3__BCMA_model_2.pdb,/data1/lareauc/users/chuh/softwares/CARPNN/examples/01_bindcraft_boltz_refolded/predictions/boltz_predictions/chunk_1/boltz_results_chunk_1/predictions/BCMA_l54_s17866_mpnn3__BCMA//relaxed/BCMA_l54_s17866_mpnn3__BCMA_model_2.pdb
